sale_id,customer_id,product_id,order_date,quantity,price,discount,currency
1,139,239,2025-03-07,1,299,0.23,USD
2,209,220,2025-01-25,1,450,0.19,USD
3,281,205,2025-02-23,3,442,0.23,USD
4,142,201,2025-02-02,4,480,0.01,USD
5,286,230,2025-02-05,3,190,0.25,USD
6,267,249,2025-01-14,1,257,0.19,USD
7,242,203,2025-03-06,2,125,0.17,USD
8,222,245,2025-03-21,4,288,0.19,USD
9,233,214,2025-02-23,2,374,0.26,USD
10,263,230,2025-02-21,4,78,0.18,USD
11,175,250,2025-01-03,3,360,0.17,USD
12,246,204,2025-02-10,3,263,0.3,USD
13,176,218,2025-01-06,3,190,0.23,USD
14,109,237,2025-01-25,3,327,0.13,USD
15,174,225,2025-01-13,3,178,0.21,USD
16,286,248,2025-01-08,2,322,0.12,USD
17,245,201,2025-01-21,3,258,0.07,USD
18,107,246,2025-03-09,1,197,0.18,USD
19,274,215,2025-01-25,1,63,0.28,USD
20,241,209,2025-03-20,2,335,0.28,USD
21,268,215,2025-03-09,4,366,0.1,USD
22,270,249,2025-02-14,1,322,0.16,USD
23,237,224,2025-03-01,4,147,0.06,USD
24,278,204,2025-01-12,2,177,0.3,USD
25,127,212,2025-02-01,4,400,0.29,USD
26,222,237,2025-01-13,4,112,0.19,USD
27,294,237,2025-01-31,4,431,0.24,USD
28,105,243,2025-03-19,4,94,0.21,USD
29,129,206,2025-01-20,2,326,0.18,USD
30,265,239,2025-01-18,1,221,0.02,USD
31,266,246,2025-03-01,3,12,0.14,USD
32,183,224,2025-03-04,4,393,0.2,USD
33,236,211,2025-01-06,1,188,0.2,USD
34,209,213,2025-02-01,1,351,0.11,USD
35,165,234,2025-02-12,2,312,0.28,USD
36,186,225,2025-01-02,1,461,0.05,USD
37,245,207,2025-03-01,2,485,0.15,USD
38,171,204,2025-01-23,4,341,0.21,USD
39,145,208,2025-03-24,4,47,0.21,USD
40,232,220,2025-01-31,3,429,0.19,USD
41,136,229,2025-01-05,3,248,0.08,USD
42,170,245,2025-03-24,3,178,0.05,USD
43,259,246,2025-02-03,1,462,0.19,USD
44,119,210,2025-01-10,4,406,0.18,USD
45,289,243,2025-03-30,2,352,0.05,USD
46,208,234,2025-01-02,3,323,0.21,USD
47,282,226,2025-01-11,2,315,0.14,USD
48,267,241,2025-02-19,2,39,0.2,USD
49,191,249,2025-01-31,3,199,0.25,USD
50,190,203,2025-02-25,4,366,0.05,USD
51,119,206,2025-03-20,3,34,0.01,USD
52,139,205,2025-03-14,2,121,0.23,USD
53,226,205,2025-03-28,3,420,0.18,USD
54,295,247,2025-03-24,2,444,0.21,USD
55,273,223,2025-01-09,2,215,0.25,USD
56,241,249,2025-01-21,3,194,0.24,USD
57,226,209,2025-03-14,1,391,0.29,USD
58,158,235,2025-01-28,3,388,0.16,USD
59,248,220,2025-03-03,1,56,0.15,USD
60,300,249,2025-01-07,2,383,0.12,USD
61,161,242,2025-03-21,2,237,0.05,USD
62,227,235,2025-01-16,1,48,0.17,USD
63,205,250,2025-01-04,2,25,0.08,USD
64,267,218,2025-01-04,1,31,0.28,USD
65,101,217,2025-02-09,1,222,0.17,USD
66,231,224,2025-01-17,2,319,0.18,USD
67,192,203,2025-02-21,4,158,0.11,USD
68,290,232,2025-02-21,1,465,0.02,USD
69,291,235,2025-02-05,3,250,0.01,USD
70,213,238,2025-02-07,3,281,0.13,USD
71,253,213,2025-02-19,2,68,0.03,USD
72,156,247,2025-03-04,4,296,0.18,USD
73,261,225,2025-03-04,2,435,0.26,USD
74,266,209,2025-03-03,4,211,0.26,USD
75,217,204,2025-01-07,1,41,0.2,USD
76,234,214,2025-01-27,1,452,0.06,USD
77,158,237,2025-03-27,1,171,0.26,USD
78,144,234,2025-01-14,1,264,0.27,USD
79,273,211,2025-03-12,3,263,0.06,USD
80,260,241,2025-03-27,3,18,0.22,USD
81,273,203,2025-01-05,2,474,0.09,USD
82,161,228,2025-02-24,4,148,0.24,USD
83,147,229,2025-01-02,1,489,0.3,USD
84,249,209,2025-03-03,1,19,0.01,USD
85,180,203,2025-01-21,4,223,0.27,USD
86,218,225,2025-03-20,4,282,0.19,USD
87,264,234,2025-01-21,2,333,0.29,USD
88,247,212,2025-01-10,4,57,0.14,USD
89,120,242,2025-03-28,1,445,0.25,USD
90,285,209,2025-02-27,1,120,0.02,USD
91,246,215,2025-02-08,1,162,0.1,USD
92,147,240,2025-01-05,1,132,0.02,USD
93,149,225,2025-03-06,1,414,0.29,USD
94,114,205,2025-01-13,2,366,0.25,USD
95,243,211,2025-03-26,1,111,0.26,USD
96,259,234,2025-03-31,2,250,0.28,USD
97,101,224,2025-03-26,1,330,0.03,USD
98,217,215,2025-02-22,3,200,0.12,USD
99,154,238,2025-03-23,3,226,0.02,USD
100,218,208,2025-02-14,3,60,0.06,USD
101,103,205,2025-02-01,3,301,0.07,USD
102,244,248,2025-02-05,2,90,0.14,USD
103,285,226,2025-03-22,2,498,0.08,USD
104,112,218,2025-03-01,4,392,0.03,USD
105,174,206,2025-01-11,1,97,0.05,USD
106,116,237,2025-03-04,3,203,0.04,USD
107,300,248,2025-01-21,2,113,0.29,USD
108,202,213,2025-02-21,1,280,0.23,USD
109,252,228,2025-02-24,1,105,0.29,USD
110,256,205,2025-01-26,2,432,0.13,USD
111,217,213,2025-03-09,3,388,0.08,USD
112,108,217,2025-02-03,4,207,0.24,USD
113,222,250,2025-02-21,1,10,0.1,USD
114,192,240,2025-03-23,4,416,0.09,USD
115,264,245,2025-02-21,3,387,0.07,USD
116,190,232,2025-01-29,3,176,0.04,USD
117,236,229,2025-02-07,4,135,0.08,USD
118,286,203,2025-02-11,3,322,0.11,USD
119,160,240,2025-01-21,1,90,0.2,USD
120,278,234,2025-02-11,4,427,0.02,USD
121,128,240,2025-01-13,3,260,0.06,USD
122,201,227,2025-03-05,4,178,0.24,USD
123,141,213,2025-01-17,1,486,0.04,USD
124,292,245,2025-01-09,3,82,0.1,USD
125,255,233,2025-02-10,1,150,0.26,USD
126,291,206,2025-01-01,3,79,0.05,USD
127,245,224,2025-01-02,2,271,0.02,USD
128,261,219,2025-03-01,3,349,0.15,USD
129,257,216,2025-02-17,4,317,0.09,USD
130,241,240,2025-01-29,3,254,0.17,USD
131,146,228,2025-01-10,1,12,0.24,USD
132,135,233,2025-02-27,1,346,0.04,USD
133,234,248,2025-03-01,3,72,0.17,USD
134,182,241,2025-01-21,4,58,0.15,USD
135,215,213,2025-01-28,2,85,0.04,USD
136,297,243,2025-03-16,4,377,0.19,USD
137,147,245,2025-02-03,2,184,0.08,USD
138,253,225,2025-01-08,1,118,0.15,USD
139,294,242,2025-02-28,4,192,0.02,USD
140,110,236,2025-03-27,2,201,0.14,USD
141,156,227,2025-03-13,3,74,0.09,USD
142,130,238,2025-02-18,1,346,0.25,USD
143,209,207,2025-03-20,3,460,0.02,USD
144,105,205,2025-01-17,1,483,0.13,USD
145,219,243,2025-03-01,4,280,0.14,USD
146,133,245,2025-03-28,4,109,0.22,USD
147,218,231,2025-03-29,1,41,0.17,USD
148,165,223,2025-02-14,1,361,0.2,USD
149,246,242,2025-03-24,1,137,0.23,USD
150,277,210,2025-03-10,4,461,0.26,USD
151,111,232,2025-02-01,2,411,0.09,USD
152,185,243,2025-02-13,3,378,0.16,USD
153,126,230,2025-03-06,3,348,0.25,USD
154,163,239,2025-03-28,4,52,0.3,USD
155,186,231,2025-01-08,3,381,0.27,USD
156,159,218,2025-03-18,1,428,0.11,USD
157,127,236,2025-03-13,2,497,0.06,USD
158,277,202,2025-03-28,3,87,0.15,USD
159,261,214,2025-02-12,2,323,0.22,USD
160,198,213,2025-01-01,1,298,0.15,USD
161,205,229,2025-02-20,3,279,0.14,USD
162,199,212,2025-01-24,4,171,0.25,USD
163,229,239,2025-01-24,2,198,0.11,USD
164,249,202,2025-01-17,1,256,0.26,USD
165,155,232,2025-01-05,2,397,0.12,USD
166,106,213,2025-01-20,3,225,0.1,USD
167,297,246,2025-01-21,3,324,0.14,USD
168,195,227,2025-02-27,4,422,0.23,USD
169,233,249,2025-01-31,1,348,0.04,USD
170,202,241,2025-01-11,1,399,0.06,USD
171,103,217,2025-02-21,4,386,0.29,USD
172,281,240,2025-01-15,4,490,0.05,USD
173,123,231,2025-03-24,1,442,0.17,USD
174,153,234,2025-01-07,2,177,0.17,USD
175,265,224,2025-01-28,2,348,0.15,USD
176,183,245,2025-02-20,4,202,0.19,USD
177,245,235,2025-02-27,2,462,0.07,USD
178,185,248,2025-01-05,1,292,0.17,USD
179,178,206,2025-01-05,3,345,0.11,USD
180,210,219,2025-01-08,3,399,0.2,USD
181,101,230,2025-03-05,2,497,0.04,USD
182,151,207,2025-01-10,4,22,0.17,USD
183,273,210,2025-02-07,4,249,0.06,USD
184,104,241,2025-03-22,4,329,0.08,USD
185,290,232,2025-01-08,4,455,0.07,USD
186,293,234,2025-01-25,4,492,0.05,USD
187,213,228,2025-03-14,2,156,0.25,USD
188,132,215,2025-03-07,3,213,0.09,USD
189,134,230,2025-03-20,3,89,0.28,USD
190,192,237,2025-02-19,2,388,0.29,USD
191,195,229,2025-03-08,4,52,0.17,USD
192,172,222,2025-02-18,2,467,0.04,USD
193,139,204,2025-02-05,3,98,0.11,USD
194,254,220,2025-03-09,1,157,0.24,USD
195,262,232,2025-03-19,2,104,0.11,USD
196,282,236,2025-02-10,4,461,0.03,USD
197,218,250,2025-03-30,3,437,0.17,USD
198,103,204,2025-03-03,3,160,0.25,USD
199,223,227,2025-01-10,3,11,0.24,USD
200,150,217,2025-01-21,3,385,0.05,USD
201,112,212,2025-02-05,4,31,0.2,USD
202,293,222,2025-01-12,1,380,0.07,USD
203,154,217,2025-01-02,3,322,0.07,USD
204,233,210,2025-01-13,2,494,0.26,USD
205,157,201,2025-02-22,1,337,0.07,USD
206,245,222,2025-02-01,3,16,0.08,USD
207,212,226,2025-01-16,1,215,0.0,USD
208,147,218,2025-02-01,2,449,0.26,USD
209,251,250,2025-02-01,3,384,0.24,USD
210,185,214,2025-01-11,2,460,0.19,USD
211,242,247,2025-01-10,4,123,0.23,USD
212,166,229,2025-01-15,3,281,0.05,USD
213,175,212,2025-01-17,3,92,0.14,USD
214,279,236,2025-02-09,3,188,0.11,USD
215,203,235,2025-01-18,3,219,0.03,USD
216,266,212,2025-02-24,4,473,0.15,USD
217,292,207,2025-03-14,3,337,0.28,USD
218,138,229,2025-01-25,1,133,0.01,USD
219,150,211,2025-02-28,3,490,0.09,USD
220,198,233,2025-03-19,4,122,0.06,USD
221,182,206,2025-03-30,3,21,0.07,USD
222,130,247,2025-01-22,1,135,0.27,USD
223,179,215,2025-01-30,4,62,0.14,USD
224,191,232,2025-03-25,4,340,0.14,USD
225,279,211,2025-03-26,1,398,0.23,USD
226,291,223,2025-02-13,1,292,0.05,USD
227,152,226,2025-02-01,1,149,0.15,USD
228,266,234,2025-02-20,1,410,0.13,USD
229,179,246,2025-02-15,1,399,0.18,USD
230,130,234,2025-01-21,4,106,0.3,USD
231,206,229,2025-02-01,4,14,0.23,USD
232,151,204,2025-02-08,3,66,0.12,USD
233,181,217,2025-01-12,3,421,0.25,USD
234,233,235,2025-02-16,2,343,0.05,USD
235,129,213,2025-01-18,3,78,0.01,USD
236,232,241,2025-01-21,3,127,0.06,USD
237,238,239,2025-01-13,1,385,0.1,USD
238,284,215,2025-01-21,1,68,0.15,USD
239,245,229,2025-01-08,3,42,0.18,USD
240,174,229,2025-02-15,2,327,0.27,USD
241,117,211,2025-01-07,1,59,0.15,USD
242,184,232,2025-01-23,3,377,0.15,USD
243,169,202,2025-03-16,3,498,0.02,USD
244,134,247,2025-03-27,4,28,0.01,USD
245,106,214,2025-01-22,2,223,0.17,USD
246,153,220,2025-03-30,4,206,0.13,USD
247,294,222,2025-01-22,2,388,0.25,USD
248,226,211,2025-01-29,1,459,0.05,USD
249,143,227,2025-01-13,2,487,0.01,USD
250,215,203,2025-03-23,3,56,0.13,USD
251,211,217,2025-01-02,3,176,0.07,USD
252,251,244,2025-01-29,2,461,0.01,USD
253,283,228,2025-03-26,2,298,0.22,USD
254,180,229,2025-03-20,2,150,0.03,USD
255,195,221,2025-02-21,4,93,0.18,USD
256,218,247,2025-01-27,2,191,0.08,USD
257,244,216,2025-02-19,1,400,0.05,USD
258,108,237,2025-03-20,4,88,0.11,USD
259,232,220,2025-01-23,4,224,0.24,USD
260,204,206,2025-03-29,2,23,0.12,USD
261,232,219,2025-02-13,1,224,0.23,USD
262,284,205,2025-03-18,4,412,0.04,USD
263,125,203,2025-01-22,3,137,0.23,USD
264,295,201,2025-02-12,4,319,0.07,USD
265,196,238,2025-02-06,2,486,0.2,USD
266,295,215,2025-03-02,1,257,0.17,USD
267,255,234,2025-02-25,2,413,0.28,USD
268,193,235,2025-01-03,3,38,0.12,USD
269,260,249,2025-03-04,3,289,0.02,USD
270,278,225,2025-01-19,3,347,0.01,USD
271,161,224,2025-01-23,2,328,0.25,USD
272,222,212,2025-01-29,4,211,0.16,USD
273,151,218,2025-01-30,2,370,0.23,USD
274,247,215,2025-02-08,1,66,0.07,USD
275,121,244,2025-01-25,4,401,0.1,USD
276,105,216,2025-01-08,3,227,0.01,USD
277,192,227,2025-02-27,2,71,0.29,USD
278,270,208,2025-01-16,3,166,0.2,USD
279,161,246,2025-03-13,3,211,0.28,USD
280,122,225,2025-01-01,1,26,0.08,USD
281,249,217,2025-01-05,4,331,0.18,USD
282,170,229,2025-01-03,1,15,0.2,USD
283,101,208,2025-03-06,1,67,0.1,USD
284,233,215,2025-01-04,1,334,0.25,USD
285,112,227,2025-03-05,3,421,0.28,USD
286,190,246,2025-03-30,1,327,0.27,USD
287,146,250,2025-01-10,1,178,0.22,USD
288,134,207,2025-01-21,4,462,0.08,USD
289,277,203,2025-02-15,4,91,0.08,USD
290,178,229,2025-01-27,1,483,0.29,USD
291,145,244,2025-03-07,4,477,0.0,USD
292,255,224,2025-02-10,4,434,0.21,USD
293,173,203,2025-01-13,1,442,0.21,USD
294,126,220,2025-01-09,3,228,0.19,USD
295,147,246,2025-02-05,1,186,0.3,USD
296,221,215,2025-03-27,4,213,0.09,USD
297,156,225,2025-03-31,3,80,0.1,USD
298,194,230,2025-02-27,2,396,0.02,USD
299,207,214,2025-02-23,3,275,0.13,USD
300,163,207,2025-01-12,4,107,0.08,USD
301,148,217,2025-03-22,3,354,0.1,USD
302,161,244,2025-03-19,1,300,0.25,USD
303,181,220,2025-01-14,2,217,0.28,USD
304,126,236,2025-02-03,2,11,0.06,USD
305,136,209,2025-02-22,2,133,0.11,USD
306,101,238,2025-01-20,4,289,0.28,USD
307,108,248,2025-03-16,4,83,0.02,USD
308,213,222,2025-01-16,2,175,0.03,USD
309,199,202,2025-03-11,3,31,0.05,USD
310,280,224,2025-02-25,2,163,0.18,USD
311,147,208,2025-03-24,3,436,0.05,USD
312,227,211,2025-02-27,3,448,0.29,USD
313,156,213,2025-01-04,4,304,0.13,USD
314,114,217,2025-01-04,3,228,0.15,USD
315,128,208,2025-01-20,2,166,0.07,USD
316,178,221,2025-01-10,4,239,0.14,USD
317,230,218,2025-01-24,1,29,0.2,USD
318,209,230,2025-01-26,1,484,0.23,USD
319,254,218,2025-02-06,4,50,0.23,USD
320,114,246,2025-03-26,2,447,0.17,USD
321,287,247,2025-02-23,1,157,0.27,USD
322,156,231,2025-01-21,1,117,0.25,USD
323,215,238,2025-03-15,3,412,0.23,USD
324,107,232,2025-02-07,3,93,0.02,USD
325,103,211,2025-02-15,2,492,0.0,USD
326,211,245,2025-01-04,4,376,0.06,USD
327,251,225,2025-03-01,2,331,0.2,USD
328,207,233,2025-02-26,4,423,0.12,USD
329,118,238,2025-02-14,1,318,0.12,USD
330,138,241,2025-01-20,3,299,0.27,USD
331,215,208,2025-01-17,2,415,0.27,USD
332,115,211,2025-03-12,2,332,0.27,USD
333,292,222,2025-01-04,4,143,0.09,USD
334,219,224,2025-01-14,4,216,0.21,USD
335,128,241,2025-01-03,2,292,0.08,USD
336,139,217,2025-03-29,4,275,0.06,USD
337,285,212,2025-03-21,2,82,0.06,USD
338,117,246,2025-02-27,2,490,0.1,USD
339,186,232,2025-02-24,2,361,0.13,USD
340,226,215,2025-01-04,1,57,0.25,USD
341,144,216,2025-01-24,4,335,0.04,USD
342,125,222,2025-02-03,3,242,0.22,USD
343,245,228,2025-01-30,3,452,0.16,USD
344,113,220,2025-03-23,4,109,0.09,USD
345,125,233,2025-01-19,2,68,0.15,USD
346,168,210,2025-01-31,3,267,0.09,USD
347,238,240,2025-03-01,3,422,0.18,USD
348,167,232,2025-03-01,4,461,0.13,USD
349,209,250,2025-01-19,3,74,0.05,USD
350,246,233,2025-02-18,2,92,0.03,USD
351,211,202,2025-03-04,4,163,0.16,USD
352,211,233,2025-03-24,2,482,0.27,USD
353,134,233,2025-01-22,3,275,0.1,USD
354,211,241,2025-01-24,3,318,0.22,USD
355,108,213,2025-03-17,2,88,0.2,USD
356,268,230,2025-01-30,1,324,0.28,USD
357,213,233,2025-02-27,3,159,0.25,USD
358,183,213,2025-01-31,1,444,0.17,USD
359,142,226,2025-03-05,3,57,0.2,USD
360,269,222,2025-01-19,1,414,0.27,USD
361,201,239,2025-02-17,1,388,0.12,USD
362,106,202,2025-02-14,1,257,0.1,USD
363,280,238,2025-02-24,2,287,0.0,USD
364,126,239,2025-02-24,1,365,0.25,USD
365,164,226,2025-01-18,1,107,0.24,USD
366,287,246,2025-03-04,1,423,0.03,USD
367,284,250,2025-02-16,3,34,0.17,USD
368,159,215,2025-03-16,1,293,0.14,USD
369,209,234,2025-02-26,3,458,0.04,USD
370,298,242,2025-02-14,1,378,0.29,USD
371,221,244,2025-02-02,1,310,0.06,USD
372,133,249,2025-01-17,2,77,0.02,USD
373,281,240,2025-03-11,3,16,0.18,USD
374,250,211,2025-01-04,1,314,0.22,USD
375,121,203,2025-01-20,3,146,0.01,USD
376,298,206,2025-02-16,3,173,0.2,USD
377,170,209,2025-01-15,4,92,0.16,USD
378,212,206,2025-03-11,2,394,0.03,USD
379,104,209,2025-02-16,2,147,0.05,USD
380,194,239,2025-03-19,2,429,0.17,USD
381,175,231,2025-03-16,4,82,0.09,USD
382,290,232,2025-01-09,4,246,0.28,USD
383,162,241,2025-03-31,2,55,0.25,USD
384,194,250,2025-01-16,4,115,0.3,USD
385,195,212,2025-03-10,4,425,0.08,USD
386,252,208,2025-03-02,4,297,0.29,USD
387,155,208,2025-01-10,2,271,0.13,USD
388,237,250,2025-02-19,2,185,0.1,USD
389,231,228,2025-01-03,2,175,0.02,USD
390,131,220,2025-03-18,4,154,0.02,USD
391,140,247,2025-03-11,2,339,0.21,USD
392,136,207,2025-03-22,4,379,0.14,USD
393,252,211,2025-02-20,1,292,0.07,USD
394,106,220,2025-01-19,4,63,0.18,USD
395,166,216,2025-02-11,3,187,0.08,USD
396,175,204,2025-02-04,2,428,0.17,USD
397,104,206,2025-02-15,2,253,0.11,USD
398,179,222,2025-01-26,3,350,0.25,USD
399,234,226,2025-03-10,4,136,0.25,USD
400,218,203,2025-03-05,1,418,0.14,USD
401,213,241,2025-02-06,3,421,0.11,USD
402,194,242,2025-03-25,3,376,0.11,USD
403,279,214,2025-02-18,4,280,0.24,USD
404,162,211,2025-01-21,2,141,0.1,USD
405,285,218,2025-03-15,4,102,0.06,USD
406,294,212,2025-03-05,3,388,0.03,USD
407,179,223,2025-01-05,3,82,0.14,USD
408,236,212,2025-03-11,2,420,0.14,USD
409,126,213,2025-03-31,2,419,0.25,USD
410,279,225,2025-01-04,2,412,0.07,USD
411,273,245,2025-02-08,4,257,0.11,USD
412,144,219,2025-02-04,2,357,0.24,USD
413,233,246,2025-01-01,3,282,0.25,USD
414,170,236,2025-01-24,3,52,0.12,USD
415,254,245,2025-02-26,1,386,0.14,USD
416,218,208,2025-03-11,4,50,0.09,USD
417,168,229,2025-02-10,1,179,0.28,USD
418,119,232,2025-02-23,3,443,0.04,USD
419,120,244,2025-02-15,1,221,0.28,USD
420,213,218,2025-03-01,3,177,0.21,USD
421,240,206,2025-03-01,1,48,0.16,USD
422,147,218,2025-02-26,2,378,0.01,USD
423,101,219,2025-01-31,1,254,0.14,USD
424,190,222,2025-03-25,2,160,0.12,USD
425,242,237,2025-01-24,2,120,0.05,USD
426,164,232,2025-03-30,4,489,0.2,USD
427,138,241,2025-02-05,2,445,0.29,USD
428,137,203,2025-03-26,2,56,0.17,USD
429,226,228,2025-01-30,1,72,0.21,USD
430,239,210,2025-01-24,3,234,0.02,USD
431,200,235,2025-01-30,4,375,0.13,USD
432,177,229,2025-03-27,2,78,0.03,USD
433,103,215,2025-01-07,4,308,0.18,USD
434,261,233,2025-02-04,1,441,0.28,USD
435,234,207,2025-02-24,2,299,0.2,USD
436,278,212,2025-01-14,1,305,0.02,USD
437,110,249,2025-01-10,4,212,0.11,USD
438,105,230,2025-03-21,1,70,0.17,USD
439,251,221,2025-01-16,4,443,0.12,USD
440,238,231,2025-02-23,1,460,0.25,USD
441,272,224,2025-03-30,4,327,0.24,USD
442,230,220,2025-03-18,3,323,0.18,USD
443,113,237,2025-03-11,1,170,0.11,USD
444,268,204,2025-02-13,1,340,0.08,USD
445,230,228,2025-03-14,3,25,0.03,USD
446,184,244,2025-02-14,3,347,0.11,USD
447,165,220,2025-02-25,1,103,0.12,USD
448,163,224,2025-03-25,3,313,0.2,USD
449,201,250,2025-03-23,2,147,0.2,USD
450,173,249,2025-02-26,4,347,0.02,USD
451,117,232,2025-01-21,4,47,0.12,USD
452,109,241,2025-03-09,4,136,0.05,USD
453,243,236,2025-02-19,2,284,0.05,USD
454,252,234,2025-02-02,3,173,0.25,USD
455,138,236,2025-01-07,3,452,0.01,USD
456,263,202,2025-03-11,1,328,0.13,USD
457,194,215,2025-01-15,3,86,0.05,USD
458,195,234,2025-03-23,1,183,0.26,USD
459,149,236,2025-02-01,2,396,0.17,USD
460,169,206,2025-03-16,4,467,0.07,USD
461,162,239,2025-01-20,4,367,0.15,USD
462,288,242,2025-03-29,4,330,0.22,USD
463,278,212,2025-01-15,3,385,0.29,USD
464,178,203,2025-02-17,1,100,0.07,USD
465,217,245,2025-03-12,1,247,0.27,USD
466,220,218,2025-01-21,2,273,0.28,USD
467,237,240,2025-02-11,3,188,0.27,USD
468,262,221,2025-01-26,2,499,0.19,USD
469,176,215,2025-01-14,1,218,0.19,USD
470,135,233,2025-02-26,1,82,0.12,USD
471,101,235,2025-02-06,4,399,0.23,USD
472,140,226,2025-02-27,3,116,0.16,USD
473,164,208,2025-01-21,1,354,0.2,USD
474,250,236,2025-03-23,4,304,0.13,USD
475,160,248,2025-03-10,3,378,0.22,USD
476,164,230,2025-01-03,2,453,0.25,USD
477,193,223,2025-03-28,3,293,0.04,USD
478,172,242,2025-03-31,3,362,0.25,USD
479,111,244,2025-02-06,1,191,0.16,USD
480,205,214,2025-03-29,1,46,0.25,USD
481,114,214,2025-02-18,3,146,0.13,USD
482,160,202,2025-01-19,1,347,0.11,USD
483,130,237,2025-03-30,1,65,0.27,USD
484,135,205,2025-03-26,1,196,0.08,USD
485,265,238,2025-01-12,4,350,0.25,USD
486,105,245,2025-03-02,4,267,0.15,USD
487,183,241,2025-02-10,3,454,0.15,USD
488,223,247,2025-02-02,1,67,0.09,USD
489,178,214,2025-02-19,4,372,0.17,USD
490,254,239,2025-03-09,3,132,0.1,USD
491,162,225,2025-03-12,1,197,0.01,USD
492,232,220,2025-03-27,2,239,0.08,USD
493,189,202,2025-02-02,1,177,0.0,USD
494,142,239,2025-03-22,1,429,0.29,USD
495,189,206,2025-01-24,4,123,0.29,USD
496,246,217,2025-03-02,3,261,0.12,USD
497,140,225,2025-03-02,3,116,0.22,USD
498,172,228,2025-01-28,4,46,0.1,USD
499,139,202,2025-02-27,1,344,0.2,USD
500,204,235,2025-02-12,2,101,0.24,USD
501,114,237,2025-02-10,1,27,0.28,USD
502,132,205,2025-02-08,1,363,0.12,USD
503,279,201,2025-03-27,2,72,0.23,USD
504,225,240,2025-02-18,4,159,0.08,USD
505,266,212,2025-01-17,3,148,0.3,USD
506,197,236,2025-03-11,4,195,0.01,USD
507,123,245,2025-03-11,4,194,0.18,USD
508,163,223,2025-03-06,1,214,0.2,USD
509,243,247,2025-03-15,3,269,0.21,USD
510,253,231,2025-03-26,3,223,0.04,USD
511,245,211,2025-01-05,4,265,0.28,USD
512,294,210,2025-01-02,2,144,0.05,USD
513,153,203,2025-01-22,4,70,0.19,USD
514,204,214,2025-02-26,2,372,0.07,USD
515,204,216,2025-03-07,3,319,0.09,USD
516,279,210,2025-03-15,4,97,0.16,USD
517,139,229,2025-01-16,1,333,0.13,USD
518,279,210,2025-02-20,4,485,0.05,USD
519,298,212,2025-02-08,3,216,0.05,USD
520,234,230,2025-03-27,1,138,0.13,USD
521,167,241,2025-03-17,1,320,0.23,USD
522,235,201,2025-03-29,2,12,0.27,USD
523,279,205,2025-02-09,1,471,0.03,USD
524,300,220,2025-02-07,1,431,0.12,USD
525,142,208,2025-03-01,4,251,0.03,USD
526,292,243,2025-02-28,3,130,0.0,USD
527,115,212,2025-01-10,2,394,0.2,USD
528,211,201,2025-03-05,4,111,0.18,USD
529,257,220,2025-03-04,1,47,0.05,USD
530,133,228,2025-02-18,1,350,0.07,USD
531,255,243,2025-03-05,2,422,0.01,USD
532,264,237,2025-02-01,3,142,0.25,USD
533,257,247,2025-01-07,2,211,0.29,USD
534,138,237,2025-01-21,4,357,0.04,USD
535,285,212,2025-01-20,2,30,0.07,USD
536,197,237,2025-01-26,1,251,0.26,USD
537,255,249,2025-03-09,4,464,0.28,USD
538,283,249,2025-03-27,1,460,0.13,USD
539,133,244,2025-01-15,3,118,0.02,USD
540,296,228,2025-03-26,1,312,0.01,USD
541,186,247,2025-03-20,1,93,0.17,USD
542,166,215,2025-03-27,2,92,0.12,USD
543,110,206,2025-01-14,1,300,0.01,USD
544,105,244,2025-01-27,4,461,0.17,USD
545,223,220,2025-02-09,4,78,0.0,USD
546,174,250,2025-02-27,3,138,0.24,USD
547,197,214,2025-01-28,4,205,0.09,USD
548,218,202,2025-01-26,2,149,0.01,USD
549,138,209,2025-03-04,3,453,0.18,USD
550,241,237,2025-03-07,4,292,0.12,USD
551,259,220,2025-01-25,2,321,0.29,USD
552,147,226,2025-01-03,4,243,0.16,USD
553,209,229,2025-03-13,4,32,0.08,USD
554,280,201,2025-02-13,1,162,0.21,USD
555,284,235,2025-02-11,4,286,0.08,USD
556,115,206,2025-01-06,4,70,0.27,USD
557,257,237,2025-02-08,2,328,0.11,USD
558,236,205,2025-02-21,2,387,0.16,USD
559,105,233,2025-01-23,1,61,0.02,USD
560,257,249,2025-03-30,4,353,0.13,USD
561,147,214,2025-02-19,1,162,0.25,USD
562,168,212,2025-02-12,4,246,0.24,USD
563,176,242,2025-01-19,3,320,0.07,USD
564,273,220,2025-03-10,3,311,0.07,USD
565,230,250,2025-02-20,1,41,0.25,USD
566,255,224,2025-01-11,1,64,0.28,USD
567,195,243,2025-01-12,1,361,0.03,USD
568,215,234,2025-03-15,2,398,0.14,USD
569,264,225,2025-01-08,2,45,0.1,USD
570,136,250,2025-01-24,2,119,0.26,USD
571,126,229,2025-02-10,1,499,0.03,USD
572,143,239,2025-02-05,4,186,0.06,USD
573,127,231,2025-03-26,3,371,0.23,USD
574,169,247,2025-03-13,1,323,0.02,USD
575,248,243,2025-02-24,2,304,0.15,USD
576,111,250,2025-01-09,2,345,0.13,USD
577,174,223,2025-02-16,1,106,0.1,USD
578,204,244,2025-01-15,1,378,0.12,USD
579,138,238,2025-02-17,2,222,0.16,USD
580,234,220,2025-03-23,4,326,0.05,USD
581,300,223,2025-02-11,2,146,0.17,USD
582,123,245,2025-03-01,2,15,0.24,USD
583,147,216,2025-03-25,1,118,0.23,USD
584,190,250,2025-03-11,4,44,0.05,USD
585,146,242,2025-01-12,2,48,0.04,USD
586,207,208,2025-01-02,2,159,0.08,USD
587,240,250,2025-01-07,3,434,0.11,USD
588,241,221,2025-03-21,1,127,0.12,USD
589,204,201,2025-01-03,3,270,0.2,USD
590,290,208,2025-01-03,3,435,0.02,USD
591,211,229,2025-01-27,2,96,0.01,USD
592,204,232,2025-02-09,1,474,0.12,USD
593,160,238,2025-02-02,4,85,0.21,USD
594,271,205,2025-01-01,2,480,0.06,USD
595,200,247,2025-01-08,4,473,0.19,USD
596,168,222,2025-02-01,4,460,0.08,USD
597,233,247,2025-02-17,1,423,0.27,USD
598,220,234,2025-01-04,3,322,0.27,USD
599,137,201,2025-03-11,1,392,0.09,USD
600,172,226,2025-01-19,4,223,0.07,USD
601,227,243,2025-02-01,2,466,0.12,USD
602,206,210,2025-01-09,4,294,0.07,USD
603,192,230,2025-01-12,2,248,0.2,USD
604,131,250,2025-01-11,2,174,0.25,USD
605,222,218,2025-02-15,1,96,0.2,USD
606,237,217,2025-01-16,4,150,0.25,USD
607,151,226,2025-01-01,3,169,0.12,USD
608,129,208,2025-03-04,4,55,0.05,USD
609,140,247,2025-01-21,4,381,0.22,USD
610,141,240,2025-01-30,3,121,0.11,USD
611,111,249,2025-01-13,1,416,0.2,USD
612,251,212,2025-02-03,4,54,0.08,USD
613,101,227,2025-01-04,4,410,0.02,USD
614,146,208,2025-01-28,2,256,0.3,USD
615,201,225,2025-02-28,4,113,0.05,USD
616,249,246,2025-01-27,3,94,0.3,USD
617,190,204,2025-03-10,2,459,0.29,USD
618,210,233,2025-01-25,1,494,0.24,USD
619,264,201,2025-01-03,2,143,0.2,USD
620,282,219,2025-03-09,3,117,0.17,USD
621,157,231,2025-01-25,3,27,0.26,USD
622,101,216,2025-01-20,2,103,0.09,USD
623,163,214,2025-02-03,1,159,0.14,USD
624,282,248,2025-01-26,2,255,0.19,USD
625,155,205,2025-01-05,1,298,0.12,USD
626,215,241,2025-03-02,2,423,0.13,USD
627,268,226,2025-01-09,3,218,0.1,USD
628,243,228,2025-02-19,4,135,0.17,USD
629,249,202,2025-01-06,4,244,0.26,USD
630,275,250,2025-03-24,1,425,0.06,USD
631,153,206,2025-03-01,1,435,0.28,USD
632,237,209,2025-02-13,1,471,0.21,USD
633,280,233,2025-01-11,3,131,0.25,USD
634,157,241,2025-03-07,2,147,0.17,USD
635,217,225,2025-02-16,3,124,0.23,USD
636,254,248,2025-03-14,4,429,0.0,USD
637,269,213,2025-03-26,1,171,0.25,USD
638,135,209,2025-03-29,2,210,0.01,USD
639,163,213,2025-03-27,4,243,0.27,USD
640,125,231,2025-01-03,4,37,0.3,USD
641,190,241,2025-03-17,4,20,0.09,USD
642,175,211,2025-01-30,3,215,0.06,USD
643,138,204,2025-03-31,1,176,0.23,USD
644,230,234,2025-01-21,4,256,0.08,USD
645,235,238,2025-01-28,1,56,0.26,USD
646,262,246,2025-03-31,3,255,0.03,USD
647,191,204,2025-03-03,4,136,0.04,USD
648,117,238,2025-02-02,3,156,0.29,USD
649,228,219,2025-03-26,3,127,0.2,USD
650,271,206,2025-02-04,1,408,0.25,USD
651,287,234,2025-02-21,4,391,0.1,USD
652,208,218,2025-02-03,3,421,0.2,USD
653,279,213,2025-02-10,4,161,0.18,USD
654,282,241,2025-02-20,1,81,0.18,USD
655,252,223,2025-02-16,3,372,0.2,USD
656,125,219,2025-03-23,1,146,0.17,USD
657,299,245,2025-02-27,4,184,0.13,USD
658,280,211,2025-03-16,4,298,0.08,USD
659,298,201,2025-02-26,1,455,0.23,USD
660,188,224,2025-01-23,2,490,0.07,USD
661,261,207,2025-02-17,3,28,0.21,USD
662,277,225,2025-01-22,4,204,0.07,USD
663,129,221,2025-01-17,4,339,0.19,USD
664,163,215,2025-03-10,3,433,0.22,USD
665,250,201,2025-01-11,1,184,0.07,USD
666,254,212,2025-01-15,1,499,0.02,USD
667,256,207,2025-02-04,1,458,0.04,USD
668,214,215,2025-02-02,2,422,0.18,USD
669,149,221,2025-03-25,2,443,0.25,USD
670,299,219,2025-01-16,4,363,0.01,USD
671,181,229,2025-02-03,1,150,0.22,USD
672,184,225,2025-03-07,3,255,0.1,USD
673,205,233,2025-02-09,4,394,0.14,USD
674,277,249,2025-01-28,3,427,0.28,USD
675,248,232,2025-02-16,4,102,0.1,USD
676,218,249,2025-02-08,2,441,0.14,USD
677,186,235,2025-03-11,4,248,0.0,USD
678,163,244,2025-03-14,2,214,0.02,USD
679,289,238,2025-01-20,4,57,0.08,USD
680,204,226,2025-01-01,1,442,0.01,USD
681,149,211,2025-03-13,3,254,0.19,USD
682,171,235,2025-03-28,1,329,0.13,USD
683,101,208,2025-03-04,4,326,0.16,USD
684,241,246,2025-03-08,4,422,0.05,USD
685,279,214,2025-01-04,4,304,0.09,USD
686,223,210,2025-02-27,2,137,0.2,USD
687,284,202,2025-01-25,3,353,0.29,USD
688,162,246,2025-02-16,3,291,0.02,USD
689,132,209,2025-02-07,4,26,0.27,USD
690,258,203,2025-01-15,4,80,0.17,USD
691,129,221,2025-03-04,2,278,0.17,USD
692,149,226,2025-01-21,1,334,0.15,USD
693,273,208,2025-02-26,1,291,0.02,USD
694,130,248,2025-02-22,3,314,0.03,USD
695,244,202,2025-02-15,2,460,0.18,USD
696,268,206,2025-01-14,4,16,0.1,USD
697,119,228,2025-03-17,3,323,0.28,USD
698,118,229,2025-01-17,2,314,0.12,USD
699,101,226,2025-02-08,1,112,0.04,USD
700,178,225,2025-01-09,2,318,0.21,USD
701,215,212,2025-03-18,1,202,0.09,USD
702,275,205,2025-03-20,2,250,0.16,USD
703,294,234,2025-03-23,3,71,0.21,USD
704,213,248,2025-01-06,1,26,0.27,USD
705,214,237,2025-01-23,3,180,0.24,USD
706,266,215,2025-02-28,3,34,0.2,USD
707,279,244,2025-02-15,1,260,0.2,USD
708,163,236,2025-02-07,1,262,0.28,USD
709,232,215,2025-01-14,4,396,0.09,USD
710,229,243,2025-03-13,4,216,0.0,USD
711,108,248,2025-03-03,4,38,0.08,USD
712,257,223,2025-02-04,3,126,0.07,USD
713,155,206,2025-01-19,3,425,0.2,USD
714,203,246,2025-01-30,4,291,0.19,USD
715,231,250,2025-03-19,3,389,0.18,USD
716,132,244,2025-03-25,3,153,0.0,USD
717,110,243,2025-01-25,1,34,0.22,USD
718,210,245,2025-02-09,1,319,0.1,USD
719,262,221,2025-03-29,3,165,0.2,USD
720,224,223,2025-01-14,4,82,0.17,USD
721,187,243,2025-01-26,2,129,0.1,USD
722,155,216,2025-03-28,4,321,0.04,USD
723,132,247,2025-01-22,2,330,0.03,USD
724,278,215,2025-02-17,4,102,0.25,USD
725,235,225,2025-03-24,1,95,0.28,USD
726,193,236,2025-02-20,3,345,0.19,USD
727,108,211,2025-01-03,3,434,0.03,USD
728,165,215,2025-02-11,1,373,0.12,USD
729,157,204,2025-01-19,2,444,0.22,USD
730,167,221,2025-03-14,2,127,0.23,USD
731,287,213,2025-01-28,2,242,0.04,USD
732,172,222,2025-03-25,1,208,0.0,USD
733,154,219,2025-02-14,2,215,0.21,USD
734,167,234,2025-03-12,1,422,0.11,USD
735,151,214,2025-03-19,4,348,0.08,USD
736,197,204,2025-03-04,4,156,0.0,USD
737,192,248,2025-03-14,1,459,0.16,USD
738,108,246,2025-01-19,3,434,0.26,USD
739,262,227,2025-02-16,4,438,0.29,USD
740,135,229,2025-01-14,2,280,0.17,USD
741,196,247,2025-02-07,1,396,0.15,USD
742,188,228,2025-02-22,2,148,0.03,USD
743,178,235,2025-03-02,2,190,0.16,USD
744,132,208,2025-02-05,3,439,0.11,USD
745,220,216,2025-02-09,2,39,0.18,USD
746,146,242,2025-03-22,3,66,0.12,USD
747,244,236,2025-01-30,4,241,0.07,USD
748,296,230,2025-01-09,1,155,0.03,USD
749,265,218,2025-03-05,2,444,0.09,USD
750,282,202,2025-02-02,1,393,0.03,USD
751,242,249,2025-02-21,2,57,0.05,USD
752,155,213,2025-03-30,1,203,0.3,USD
753,276,204,2025-01-14,2,233,0.13,USD
754,107,226,2025-03-16,2,145,0.16,USD
755,174,225,2025-02-22,2,31,0.26,USD
756,107,230,2025-02-28,2,15,0.3,USD
757,261,211,2025-03-19,2,213,0.17,USD
758,251,207,2025-02-10,2,248,0.24,USD
759,185,231,2025-03-09,2,194,0.1,USD
760,247,244,2025-03-09,2,369,0.09,USD
761,212,210,2025-01-08,2,301,0.12,USD
762,225,239,2025-01-02,1,344,0.2,USD
763,247,213,2025-03-27,3,229,0.2,USD
764,136,231,2025-02-10,2,125,0.09,USD
765,129,207,2025-02-24,3,322,0.04,USD
766,288,249,2025-01-16,2,58,0.19,USD
767,182,242,2025-03-03,2,182,0.04,USD
768,102,242,2025-02-17,1,91,0.17,USD
769,229,236,2025-01-30,4,331,0.21,USD
770,147,220,2025-01-12,4,342,0.21,USD
771,297,204,2025-02-04,1,54,0.23,USD
772,248,207,2025-01-11,3,344,0.26,USD
773,111,201,2025-03-05,4,29,0.15,USD
774,230,244,2025-02-19,1,457,0.22,USD
775,295,245,2025-03-26,1,230,0.19,USD
776,219,242,2025-01-21,4,132,0.06,USD
777,240,247,2025-03-10,3,243,0.01,USD
778,120,213,2025-02-17,1,230,0.09,USD
779,105,222,2025-01-20,2,332,0.13,USD
780,137,221,2025-03-08,3,348,0.19,USD
781,266,222,2025-02-13,3,12,0.25,USD
782,237,228,2025-02-02,4,191,0.06,USD
783,153,209,2025-03-14,4,215,0.04,USD
784,272,226,2025-03-02,2,329,0.29,USD
785,199,209,2025-01-09,1,49,0.03,USD
786,186,215,2025-03-09,4,68,0.14,USD
787,208,210,2025-02-04,4,448,0.18,USD
788,124,224,2025-03-22,3,71,0.16,USD
789,181,242,2025-03-29,4,141,0.03,USD
790,258,208,2025-03-06,4,69,0.02,USD
791,220,224,2025-01-08,4,381,0.03,USD
792,159,216,2025-02-14,4,340,0.18,USD
793,228,249,2025-03-28,3,131,0.16,USD
794,214,226,2025-02-16,2,488,0.07,USD
795,215,227,2025-02-09,2,116,0.19,USD
796,114,237,2025-03-17,1,105,0.25,USD
797,109,204,2025-02-23,4,356,0.01,USD
798,140,250,2025-03-17,3,423,0.15,USD
799,294,224,2025-02-15,1,244,0.21,USD
800,125,219,2025-02-16,1,395,0.08,USD
801,203,236,2025-01-15,2,71,0.09,USD
802,122,239,2025-01-19,3,265,0.18,USD
803,104,210,2025-01-26,3,58,0.27,USD
804,254,225,2025-02-21,3,402,0.24,USD
805,286,218,2025-01-22,2,357,0.17,USD
806,129,219,2025-01-21,2,168,0.22,USD
807,209,236,2025-02-20,2,133,0.11,USD
808,198,210,2025-02-07,2,491,0.19,USD
809,137,233,2025-01-20,2,326,0.14,USD
810,175,250,2025-01-29,4,216,0.06,USD
811,170,205,2025-02-20,4,57,0.21,USD
812,246,247,2025-01-04,3,418,0.17,USD
813,228,249,2025-02-24,1,429,0.11,USD
814,185,235,2025-03-12,3,145,0.27,USD
815,142,244,2025-01-28,1,210,0.01,USD
816,200,234,2025-01-04,2,259,0.09,USD
817,141,233,2025-01-22,1,323,0.02,USD
818,266,221,2025-03-17,3,366,0.23,USD
819,134,217,2025-02-14,3,377,0.21,USD
820,117,222,2025-03-08,1,438,0.1,USD
821,265,248,2025-03-27,4,327,0.2,USD
822,253,237,2025-03-07,2,304,0.12,USD
823,222,215,2025-03-29,2,489,0.23,USD
824,176,235,2025-02-03,3,323,0.14,USD
825,187,228,2025-02-24,4,218,0.12,USD
826,217,207,2025-01-01,1,364,0.28,USD
827,206,232,2025-03-13,2,494,0.08,USD
828,186,211,2025-03-28,4,220,0.04,USD
829,127,210,2025-02-07,2,201,0.18,USD
830,157,209,2025-01-06,4,53,0.29,USD
831,131,214,2025-03-27,4,38,0.11,USD
832,234,213,2025-01-25,3,68,0.02,USD
833,268,225,2025-03-23,2,80,0.1,USD
834,198,202,2025-01-17,1,101,0.15,USD
835,112,235,2025-03-02,3,274,0.05,USD
836,153,207,2025-01-12,3,392,0.2,USD
837,299,221,2025-01-06,1,229,0.3,USD
838,238,218,2025-03-31,3,399,0.14,USD
839,273,203,2025-01-27,4,422,0.11,USD
840,245,242,2025-01-08,4,451,0.12,USD
841,254,239,2025-03-24,2,410,0.03,USD
842,290,241,2025-03-06,2,409,0.26,USD
843,222,249,2025-02-26,1,224,0.12,USD
844,146,211,2025-02-09,2,488,0.12,USD
845,164,239,2025-01-14,4,396,0.2,USD
846,230,224,2025-02-04,1,286,0.13,USD
847,154,246,2025-02-17,1,73,0.19,USD
848,207,219,2025-03-25,2,355,0.02,USD
849,293,204,2025-02-25,4,301,0.24,USD
850,151,226,2025-02-18,1,499,0.28,USD
851,281,238,2025-01-13,4,494,0.19,USD
852,136,242,2025-03-02,4,254,0.29,USD
853,215,232,2025-02-18,4,479,0.05,USD
854,126,239,2025-02-15,2,71,0.14,USD
855,129,245,2025-03-03,3,435,0.18,USD
856,249,246,2025-01-08,3,341,0.17,USD
857,111,236,2025-02-12,1,179,0.12,USD
858,140,240,2025-01-20,4,454,0.1,USD
859,111,237,2025-03-31,2,278,0.04,USD
860,264,233,2025-02-08,4,276,0.12,USD
861,213,236,2025-03-26,4,63,0.05,USD
862,287,203,2025-02-18,2,25,0.22,USD
863,139,209,2025-03-05,3,17,0.06,USD
864,154,208,2025-03-03,4,113,0.02,USD
865,198,233,2025-02-23,4,68,0.17,USD
866,155,206,2025-01-09,3,322,0.18,USD
867,211,241,2025-03-29,2,49,0.26,USD
868,252,239,2025-02-06,1,246,0.17,USD
869,250,204,2025-02-18,3,452,0.1,USD
870,169,213,2025-02-10,1,395,0.24,USD
871,156,249,2025-01-17,1,103,0.16,USD
872,133,202,2025-03-29,3,231,0.02,USD
873,136,205,2025-01-21,4,213,0.17,USD
874,248,244,2025-02-20,1,147,0.27,USD
875,181,227,2025-02-28,1,309,0.12,USD
876,290,232,2025-02-08,2,404,0.09,USD
877,209,221,2025-02-24,4,216,0.04,USD
878,254,208,2025-02-10,1,345,0.05,USD
879,294,238,2025-02-08,2,90,0.13,USD
880,173,208,2025-01-13,4,227,0.18,USD
881,140,250,2025-03-05,3,11,0.02,USD
882,117,203,2025-01-11,3,187,0.28,USD
883,229,244,2025-01-19,2,405,0.23,USD
884,161,203,2025-01-11,3,380,0.18,USD
885,271,222,2025-03-18,1,355,0.25,USD
886,204,206,2025-02-15,4,288,0.02,USD
887,142,202,2025-02-14,1,155,0.14,USD
888,125,223,2025-01-01,1,327,0.19,USD
889,139,244,2025-02-09,3,233,0.25,USD
890,135,202,2025-01-19,1,378,0.24,USD
891,231,238,2025-03-17,3,393,0.08,USD
892,208,217,2025-03-13,4,71,0.28,USD
893,272,235,2025-03-13,4,303,0.04,USD
894,279,234,2025-03-02,1,248,0.26,USD
895,202,223,2025-01-12,2,204,0.29,USD
896,198,230,2025-03-02,3,175,0.05,USD
897,112,208,2025-02-02,3,460,0.22,USD
898,119,222,2025-02-14,1,231,0.01,USD
899,201,244,2025-03-31,3,70,0.12,USD
900,144,236,2025-03-10,3,138,0.15,USD
901,287,205,2025-01-08,2,487,0.17,USD
902,149,213,2025-01-25,2,182,0.28,USD
903,289,229,2025-02-15,1,489,0.2,USD
904,117,231,2025-03-28,2,165,0.14,USD
905,174,247,2025-01-30,1,414,0.24,USD
906,157,216,2025-02-16,4,387,0.29,USD
907,155,242,2025-03-28,1,119,0.01,USD
908,147,230,2025-02-18,4,278,0.29,USD
909,112,216,2025-02-16,1,420,0.03,USD
910,162,212,2025-03-25,3,365,0.24,USD
911,180,217,2025-03-23,2,400,0.08,USD
912,183,216,2025-01-18,4,287,0.04,USD
913,108,212,2025-03-07,1,83,0.13,USD
914,249,208,2025-03-09,2,496,0.19,USD
915,181,220,2025-02-02,1,446,0.11,USD
916,218,203,2025-02-05,2,472,0.02,USD
917,298,216,2025-03-23,2,216,0.18,USD
918,300,230,2025-01-19,1,397,0.27,USD
919,125,245,2025-01-28,4,489,0.11,USD
920,189,223,2025-02-09,4,288,0.06,USD
921,112,228,2025-03-25,3,384,0.13,USD
922,243,240,2025-03-17,2,335,0.01,USD
923,159,205,2025-01-15,3,481,0.25,USD
924,254,220,2025-02-10,3,349,0.25,USD
925,209,240,2025-02-08,1,366,0.18,USD
926,126,244,2025-01-02,1,349,0.11,USD
927,147,201,2025-03-04,1,213,0.24,USD
928,132,230,2025-01-29,2,170,0.17,USD
929,110,221,2025-03-15,1,37,0.25,USD
930,116,220,2025-03-07,1,401,0.19,USD
931,299,206,2025-02-20,2,266,0.24,USD
932,245,222,2025-03-16,2,174,0.18,USD
933,251,218,2025-03-18,4,72,0.12,USD
934,126,208,2025-01-10,1,31,0.29,USD
935,186,239,2025-01-14,1,79,0.16,USD
936,235,232,2025-03-23,1,390,0.18,USD
937,114,233,2025-02-20,4,414,0.07,USD
938,179,216,2025-03-14,1,105,0.19,USD
939,217,212,2025-02-08,4,172,0.17,USD
940,107,238,2025-01-28,3,88,0.06,USD
941,237,234,2025-01-03,4,14,0.02,USD
942,215,214,2025-03-25,3,325,0.18,USD
943,276,236,2025-03-11,1,129,0.23,USD
944,172,233,2025-01-27,3,311,0.16,USD
945,159,223,2025-01-02,4,187,0.07,USD
946,182,250,2025-02-07,2,185,0.2,USD
947,216,245,2025-01-03,3,399,0.02,USD
948,267,202,2025-01-16,3,226,0.13,USD
949,246,241,2025-02-09,1,65,0.05,USD
950,287,221,2025-01-02,4,375,0.06,USD
951,203,202,2025-03-22,3,196,0.06,USD
952,117,227,2025-02-10,3,241,0.12,USD
953,114,209,2025-01-12,3,264,0.02,USD
954,259,201,2025-02-04,3,422,0.12,USD
955,252,211,2025-03-06,2,464,0.15,USD
956,208,203,2025-02-24,4,113,0.14,USD
957,288,223,2025-02-14,1,86,0.11,USD
958,145,226,2025-03-20,1,239,0.25,USD
959,198,204,2025-03-31,2,411,0.04,USD
960,231,218,2025-03-26,4,267,0.15,USD
961,137,206,2025-03-03,3,273,0.02,USD
962,271,235,2025-02-18,2,340,0.02,USD
963,268,222,2025-01-25,4,490,0.17,USD
964,283,243,2025-01-23,3,191,0.17,USD
965,208,215,2025-01-24,2,390,0.26,USD
966,139,222,2025-02-07,4,265,0.17,USD
967,115,237,2025-01-28,1,47,0.29,USD
968,220,242,2025-01-21,1,185,0.01,USD
969,104,212,2025-02-23,4,36,0.03,USD
970,193,247,2025-01-18,1,285,0.01,USD
971,253,249,2025-02-05,4,149,0.06,USD
972,241,242,2025-02-14,3,308,0.16,USD
973,261,238,2025-03-14,4,454,0.19,USD
974,116,218,2025-02-22,3,296,0.01,USD
975,270,245,2025-01-30,2,100,0.28,USD
976,208,235,2025-03-01,4,489,0.25,USD
977,226,230,2025-02-01,2,70,0.09,USD
978,294,224,2025-03-08,1,467,0.02,USD
979,155,242,2025-03-08,3,460,0.05,USD
980,270,230,2025-01-28,4,374,0.04,USD
981,134,214,2025-02-13,2,356,0.04,USD
982,258,206,2025-03-20,3,172,0.16,USD
983,113,203,2025-02-10,3,360,0.07,USD
984,241,216,2025-03-04,1,152,0.11,USD
985,118,207,2025-01-23,1,409,0.3,USD
986,260,214,2025-03-16,3,262,0.21,USD
987,196,209,2025-02-17,3,278,0.28,USD
988,223,215,2025-02-01,4,378,0.04,USD
989,139,221,2025-02-26,3,300,0.11,USD
990,146,235,2025-02-02,4,468,0.17,USD
991,129,202,2025-01-24,3,196,0.02,USD
992,290,227,2025-02-08,1,414,0.0,USD
993,162,202,2025-02-03,4,447,0.2,USD
994,285,235,2025-02-25,2,468,0.19,USD
995,116,218,2025-01-28,1,423,0.12,USD
996,284,214,2025-02-06,4,313,0.15,USD
997,221,220,2025-01-07,4,300,0.12,USD
998,110,218,2025-03-09,2,95,0.01,USD
999,258,210,2025-02-06,4,175,0.1,USD
1000,253,225,2025-02-25,3,424,0.05,USD
